"id","usuario","clave","nombre","apellidos","emilio","tlf","nacimiento","avatar"
1,"Idalia","l4A2p6yqP8i","Timothee","Stather","tstather0@newyorker.com","654-945-8276","2022-01-27","https://robohash.org/suscipitquodet.png?size=50x50&set=set1"
2,"Florance","TaVEJkU","Isaak","Hallick","ihallick1@a8.net","357-845-0940","2022-12-29","https://robohash.org/exsuscipitvoluptas.png?size=50x50&set=set1"
3,"Michaela","lfWYBWeXtHa","Kristian","Havers","khavers2@amazon.de","637-127-6201","2022-12-20","https://robohash.org/estnihilest.png?size=50x50&set=set1"
4,"Baillie","xyb9LsZ","Germaine","Seegar","gseegar3@scribd.com","824-579-1480","2022-10-01","https://robohash.org/sintliberoquae.png?size=50x50&set=set1"
5,"Carlynne","Ibmi1ZWmfE","Bernadette","O'Hearn","bohearn4@yolasite.com","755-316-9264","2022-09-02","https://robohash.org/quaeratexplicaboquia.png?size=50x50&set=set1"
6,"Nariko","L5vpQgxK1","Boris","Hayden","bhayden5@yellowbook.com","534-100-5920","2022-04-06","https://robohash.org/itaqueeaquedolorem.png?size=50x50&set=set1"
7,"Rubin","q0VzuC6zrFqP","Antony","Grishmanov","agrishmanov6@about.me","160-995-5092","2022-12-23","https://robohash.org/quisvoluptatemsit.png?size=50x50&set=set1"
8,"Mureil","RbBiehOyh","Thibaut","Morley","tmorley7@sina.com.cn","997-684-3282","2022-08-08","https://robohash.org/estametnumquam.png?size=50x50&set=set1"
9,"Bambie","5NKngP","Shepard","Edmondson","sedmondson8@census.gov","521-609-4456","2023-01-16","https://robohash.org/essequianemo.png?size=50x50&set=set1"
10,"Blondy","JAsoQM","Nike","Clemendot","nclemendot9@java.com","200-831-4007","2022-10-16","https://robohash.org/ututvelit.png?size=50x50&set=set1"
11,"Jodie","5bDEigpBQ","Malena","Rutherfoord","mrutherfoorda@buzzfeed.com","531-757-2711","2022-10-18","https://robohash.org/quiaconsectetursequi.png?size=50x50&set=set1"
12,"Maurene","4vEPBI","Dredi","Lebrun","dlebrunb@squarespace.com","318-424-1667","2022-01-26","https://robohash.org/inmolestiasincidunt.png?size=50x50&set=set1"
13,"Lorens","Kk0fQqx8x","Josepha","Lyddy","jlyddyc@wikimedia.org","153-407-2498","2022-09-22","https://robohash.org/aliasvoluptatema.png?size=50x50&set=set1"
14,"Carlin","iuNwDhwDf","Flo","Brazener","fbrazenerd@stanford.edu","871-113-2162","2022-05-20","https://robohash.org/suntestnumquam.png?size=50x50&set=set1"
15,"Evelyn","X4vNXs0","Olympia","De Few","odefewe@digg.com","394-581-5415","2022-03-09","https://robohash.org/repellendusexveritatis.png?size=50x50&set=set1"
16,"Lombard","IdosTyOt5Du","Dana","Youngs","dyoungsf@hostgator.com","871-713-3591","2022-09-20","https://robohash.org/rerumofficiarerum.png?size=50x50&set=set1"
17,"Eolande","cBIdMd","Loise","Paddle","lpaddleg@nymag.com","772-806-1339","2022-07-04","https://robohash.org/repellataspernaturbeatae.png?size=50x50&set=set1"
18,"Wolfie","3HnG9ip1UaP","Merna","Elphey","melpheyh@cbsnews.com","151-848-7786","2023-01-01","https://robohash.org/liberovelitrerum.png?size=50x50&set=set1"
19,"Gene","xezcWgEE7","Gardner","Levey","gleveyi@freewebs.com","822-652-8192","2022-01-26","https://robohash.org/eaaccusamusquam.png?size=50x50&set=set1"
20,"Romain","CaEOB3jJ","Devon","Dyble","ddyblej@springer.com","517-667-8022","2022-09-16","https://robohash.org/quisquamrepellatadipisci.png?size=50x50&set=set1"
21,"Clareta","j68ZcZaYs","Dougy","MacKilroe","dmackilroek@businesswire.com","654-437-5217","2022-07-02","https://robohash.org/ametquianimi.png?size=50x50&set=set1"
22,"De witt","NJXyxDhiu","Northrup","Gauntley","ngauntleyl@mozilla.com","503-371-3994","2022-03-12","https://robohash.org/etomniseius.png?size=50x50&set=set1"
23,"Coral","8fX2dt0Xvr","Eugene","Wike","ewikem@discovery.com","656-389-3834","2023-01-11","https://robohash.org/autnostrumodio.png?size=50x50&set=set1"
24,"Dido","7FOlFKUpW","Sallee","Parrish","sparrishn@is.gd","719-271-0468","2022-08-26","https://robohash.org/assumendalaboriosamqui.png?size=50x50&set=set1"
25,"Ethelind","A0l5Io4C1IO","Stefan","Zumbusch","szumbuscho@tmall.com","594-657-1562","2022-12-24","https://robohash.org/quisrepellatmagni.png?size=50x50&set=set1"
26,"Morrie","hvcnx37j","Dion","Jakubowski","djakubowskip@netlog.com","911-875-2933","2022-07-20","https://robohash.org/architectoutquia.png?size=50x50&set=set1"
27,"Babs","Q3269aoli8kj","Jayme","Leivers","jleiversq@php.net","358-919-5270","2022-08-29","https://robohash.org/autquiaaliquam.png?size=50x50&set=set1"
28,"Albina","0f8PGjb","Brear","Chmiel","bchmielr@sina.com.cn","355-957-4471","2022-09-10","https://robohash.org/excepturiexpeditaducimus.png?size=50x50&set=set1"
29,"Emmanuel","QkJuwhDc","Charita","Dahlborg","cdahlborgs@archive.org","825-785-8486","2022-04-02","https://robohash.org/laborumnisitenetur.png?size=50x50&set=set1"
30,"Steven","472tTRx","Blancha","Sterry","bsterryt@163.com","487-573-7500","2022-11-26","https://robohash.org/sitquosquis.png?size=50x50&set=set1"
31,"Gleda","Z1vavYpdaQ51","Letitia","Bride","lbrideu@blog.com","422-322-7481","2022-06-15","https://robohash.org/nonconsequaturdelectus.png?size=50x50&set=set1"
32,"Winni","JqEdKrnyh","Courtenay","Caban","ccabanv@goodreads.com","328-369-9979","2022-07-28","https://robohash.org/voluptatemquodillo.png?size=50x50&set=set1"
33,"Shayne","jW39HIWVmr","Burlie","Attenburrow","battenburroww@meetup.com","481-392-6211","2022-07-24","https://robohash.org/nemoeligendivoluptates.png?size=50x50&set=set1"
34,"Emmey","tqvq541SuVVT","Marilin","Devon","mdevonx@toplist.cz","687-992-4370","2022-12-16","https://robohash.org/fugiatnamtemporibus.png?size=50x50&set=set1"
35,"Goddart","367SSJf0f5JC","Lay","Kilduff","lkilduffy@eepurl.com","983-899-8600","2022-06-03","https://robohash.org/quodnisiut.png?size=50x50&set=set1"
36,"Tabbie","4HVaDG9TfR","Ferguson","Bert","fbertz@cdc.gov","732-147-4069","2022-04-23","https://robohash.org/cupiditatevelitat.png?size=50x50&set=set1"
37,"Peg","zc52y8","Wynny","Lorimer","wlorimer10@unesco.org","735-138-6276","2022-11-07","https://robohash.org/nonsapienteeius.png?size=50x50&set=set1"
38,"Penny","9LtrlhZBIIU","Malachi","Deddum","mdeddum11@bluehost.com","275-139-4848","2022-09-05","https://robohash.org/aspernaturnumquamvoluptas.png?size=50x50&set=set1"
39,"Elisa","ADhhQOVvFQ8","Jeanna","Pitblado","jpitblado12@statcounter.com","186-887-4608","2022-08-28","https://robohash.org/velitquiconsequuntur.png?size=50x50&set=set1"
40,"Elihu","3izocW3rfpgk","Gertruda","Nacci","gnacci13@delicious.com","749-716-5246","2022-07-28","https://robohash.org/velquaeratreiciendis.png?size=50x50&set=set1"
41,"Alvis","g6DLzNG6","Sande","Birdsall","sbirdsall14@princeton.edu","419-884-4942","2022-10-15","https://robohash.org/dolorlaboriosamvoluptatem.png?size=50x50&set=set1"
42,"Salome","Sp7HPtyq","Will","Bowyer","wbowyer15@deliciousdays.com","632-889-4567","2023-01-12","https://robohash.org/voluptatemfacereipsam.png?size=50x50&set=set1"
43,"Kristina","s8aEP4oy","Aimee","Bywaters","abywaters16@webs.com","824-828-1379","2022-04-30","https://robohash.org/ipsaaqui.png?size=50x50&set=set1"
44,"Gabi","kovVFTdrud","Livia","Syrie","lsyrie17@privacy.gov.au","758-124-1576","2022-08-27","https://robohash.org/itaqueadipiscidolorum.png?size=50x50&set=set1"
45,"Aeriela","1kulh2snf","Mathilda","Recher","mrecher18@geocities.jp","321-451-7264","2022-02-21","https://robohash.org/oditperferendisipsum.png?size=50x50&set=set1"
46,"Humberto","22LY2XLsVM","Isabella","Pays","ipays19@cpanel.net","883-504-7140","2022-11-18","https://robohash.org/sedquisnulla.png?size=50x50&set=set1"
47,"Marney","32Az0Srn9Fy7","Cal","Bartalin","cbartalin1a@java.com","671-330-5782","2022-07-04","https://robohash.org/repudiandaeconsecteturdolorem.png?size=50x50&set=set1"
48,"Isabeau","dhthMeniapt","Ellery","Lots","elots1b@friendfeed.com","721-734-4796","2022-02-21","https://robohash.org/commodiisteerror.png?size=50x50&set=set1"
49,"Emory","F8KFsg","Cherianne","Behning","cbehning1c@simplemachines.org","345-852-0952","2022-12-14","https://robohash.org/deseruntveroet.png?size=50x50&set=set1"
50,"Kathrine","jE9ewN0UAl","Timi","Meddings","tmeddings1d@google.ru","690-102-6804","2022-07-11","https://robohash.org/esseducimusnecessitatibus.png?size=50x50&set=set1"
51,"Ber","q8q5Y6OO4","Toddie","Kubyszek","tkubyszek1e@utexas.edu","247-776-0540","2022-10-31","https://robohash.org/ettemporibuspariatur.png?size=50x50&set=set1"
52,"Inga","d6INf95NqEEP","Dinny","Mulqueeny","dmulqueeny1f@yale.edu","289-797-9998","2022-07-05","https://robohash.org/nullaremdeleniti.png?size=50x50&set=set1"
53,"Katlin","uh5h6Kyp3","Alisha","Bowdidge","abowdidge1g@oaic.gov.au","718-138-0001","2022-09-07","https://robohash.org/iustoesttempora.png?size=50x50&set=set1"
54,"Millard","ApxtXNUj","Chic","Lucius","clucius1h@nyu.edu","460-628-8331","2022-03-12","https://robohash.org/accusamusblanditiispariatur.png?size=50x50&set=set1"
55,"Harry","ApgSk97aDo","Frasier","Culleford","fculleford1i@paginegialle.it","498-583-6671","2022-04-28","https://robohash.org/quamaccusantiummolestiae.png?size=50x50&set=set1"
56,"Elane","XDHaMYOzX","Prudy","Summerley","psummerley1j@ucla.edu","987-382-1963","2022-02-05","https://robohash.org/doloremfacerenisi.png?size=50x50&set=set1"
57,"Abbi","hmM7vvISTSH","Modestia","Vasovic","mvasovic1k@cbslocal.com","235-231-8053","2022-08-02","https://robohash.org/blanditiisnemout.png?size=50x50&set=set1"
58,"Tandi","wKvCbd","Mandel","Skegg","mskegg1l@theguardian.com","681-560-5026","2022-02-19","https://robohash.org/laboriosamestnon.png?size=50x50&set=set1"
59,"Kipp","MDAADWWLC","Xylia","Klezmski","xklezmski1m@mashable.com","539-366-9073","2022-03-16","https://robohash.org/hicmaioresquis.png?size=50x50&set=set1"
60,"Addy","Xkxrozfe","Randa","Legges","rlegges1n@washington.edu","663-477-0147","2022-05-31","https://robohash.org/vitaenisiconsequatur.png?size=50x50&set=set1"
61,"Antonius","q6OGFDCugzM","Auberon","Sprigg","asprigg1o@liveinternet.ru","451-605-5994","2022-02-21","https://robohash.org/voluptatemarchitectorepudiandae.png?size=50x50&set=set1"
62,"Maynard","yPdhshUTPf7r","Sol","Muckian","smuckian1p@clickbank.net","224-332-2526","2022-11-09","https://robohash.org/eteaquetotam.png?size=50x50&set=set1"
63,"Jackquelin","ylgI2QSPI","Vincents","Diloway","vdiloway1q@bigcartel.com","417-762-9814","2022-05-15","https://robohash.org/temporatotammodi.png?size=50x50&set=set1"
64,"Rhetta","4BgLdd","Dorelia","Denness","ddenness1r@liveinternet.ru","788-979-2361","2022-11-01","https://robohash.org/corruptidoloresvel.png?size=50x50&set=set1"
65,"Lamont","VmlE1RqB","Stace","Alsobrook","salsobrook1s@businesswire.com","398-673-4917","2022-09-12","https://robohash.org/eteosvel.png?size=50x50&set=set1"
66,"Caz","fjNOp6LAm","Babbette","Swate","bswate1t@hp.com","255-321-5428","2022-11-03","https://robohash.org/sitsuntex.png?size=50x50&set=set1"
67,"Nicolle","raXQP7","Loy","Worsley","lworsley1u@ihg.com","553-108-2231","2022-02-16","https://robohash.org/sinttenetursaepe.png?size=50x50&set=set1"
68,"Bobby","Rfuxr4SBkR","Iolande","Hetterich","ihetterich1v@liveinternet.ru","362-800-5164","2023-01-16","https://robohash.org/suscipitveniamrerum.png?size=50x50&set=set1"
69,"Tobye","WlT9tXnztNy","Sarah","Blackstone","sblackstone1w@elegantthemes.com","948-150-0302","2022-06-01","https://robohash.org/eumcommodiad.png?size=50x50&set=set1"
70,"Staford","BRUiyUzl4","Quintana","Gosney","qgosney1x@hostgator.com","890-531-0789","2022-10-14","https://robohash.org/amettemporasint.png?size=50x50&set=set1"
71,"Felecia","DL2MSXkr5Q3","Brok","Cannaway","bcannaway1y@sbwire.com","260-298-0730","2022-03-18","https://robohash.org/eaqueautconsequuntur.png?size=50x50&set=set1"
72,"Reese","6ZuaDlV0F","Sargent","Stevings","sstevings1z@businessinsider.com","905-137-1965","2022-09-20","https://robohash.org/quiasitet.png?size=50x50&set=set1"
73,"Lou","vdRuNyXu0Gez","Elmira","Cuttin","ecuttin20@storify.com","395-912-5927","2022-09-02","https://robohash.org/recusandaesaepeaut.png?size=50x50&set=set1"
74,"Olenka","Co3YBy","Guido","Storks","gstorks21@nhs.uk","125-875-0452","2023-01-17","https://robohash.org/magniautlaudantium.png?size=50x50&set=set1"
75,"Guilbert","WhNG30J6WA","Cosmo","Schwartz","cschwartz22@redcross.org","605-806-6674","2022-11-26","https://robohash.org/omnisducimusqui.png?size=50x50&set=set1"
76,"Theobald","ch4P6f9a5k","Kennie","Mont","kmont23@wikispaces.com","690-120-3011","2022-11-23","https://robohash.org/iureautut.png?size=50x50&set=set1"
77,"Bald","injlcDTg2","Kris","Larcombe","klarcombe24@oracle.com","856-369-3992","2022-10-20","https://robohash.org/quaeratvelitquisquam.png?size=50x50&set=set1"
78,"Jillene","92Nohqdw","Armstrong","Curror","acurror25@booking.com","422-316-5520","2022-09-06","https://robohash.org/nisiimpeditfacere.png?size=50x50&set=set1"
79,"Vernor","M3dfLXC5j4","Tawsha","Sumers","tsumers26@ocn.ne.jp","225-412-2033","2022-06-22","https://robohash.org/doloromnisipsam.png?size=50x50&set=set1"
80,"Kenneth","eLJD2GynCHs","Jeremiah","Magee","jmagee27@about.me","185-655-5273","2022-05-14","https://robohash.org/etutdebitis.png?size=50x50&set=set1"
81,"Vincents","pr0OrWKd2NcD","Sibylle","Warburton","swarburton28@bbb.org","404-977-6384","2022-07-14","https://robohash.org/quisnesciuntdeserunt.png?size=50x50&set=set1"
82,"Patrizius","R92Ffqi3Dht","Chad","Roxby","croxby29@boston.com","311-914-5479","2022-03-16","https://robohash.org/enimminussint.png?size=50x50&set=set1"
83,"Adam","jYJmlXvZ6","Consuelo","Mathews","cmathews2a@samsung.com","138-355-9213","2022-06-19","https://robohash.org/atveliteum.png?size=50x50&set=set1"
84,"Cos","fezgRlXUhS","Courtney","McVitie","cmcvitie2b@infoseek.co.jp","653-397-6815","2022-08-15","https://robohash.org/sapienteestaspernatur.png?size=50x50&set=set1"
85,"Kyrstin","CMkk5ps8yPR","Adlai","Coleford","acoleford2c@wix.com","120-629-7695","2022-06-28","https://robohash.org/velitnostrumexercitationem.png?size=50x50&set=set1"
86,"Pail","yW6fTJ","Pru","Robecon","probecon2d@wp.com","726-813-2585","2022-11-09","https://robohash.org/nihilsequinumquam.png?size=50x50&set=set1"
87,"Ricard","3ipK3x4VFvXv","Agnesse","Hehnke","ahehnke2e@networkadvertising.org","813-551-5079","2022-12-19","https://robohash.org/errorsitquis.png?size=50x50&set=set1"
88,"Tan","dsBIV3rKu","Devland","Ollerton","dollerton2f@webnode.com","323-663-2680","2022-02-09","https://robohash.org/inventorenostrumconsequuntur.png?size=50x50&set=set1"
89,"Nahum","zqPopNhY","Alisa","McQuilty","amcquilty2g@rakuten.co.jp","887-573-4688","2022-01-27","https://robohash.org/utcorrupticonsequatur.png?size=50x50&set=set1"
90,"Cassi","3O3xoqsG6","Aguistin","Blackboro","ablackboro2h@about.com","924-589-6797","2022-04-20","https://robohash.org/voluptateharumvero.png?size=50x50&set=set1"
91,"Imogene","L5yziaK2sqS","Jessie","Bosdet","jbosdet2i@linkedin.com","320-260-5766","2022-06-21","https://robohash.org/culpavoluptatemnon.png?size=50x50&set=set1"
92,"Ottilie","0XoERp2JtzEX","Laurie","Gonning","lgonning2j@lulu.com","676-414-9451","2022-06-10","https://robohash.org/quiaodiofacilis.png?size=50x50&set=set1"
93,"Pauly","V9egew","Marsha","Turvey","mturvey2k@1688.com","128-550-9289","2022-02-10","https://robohash.org/suntharumdelectus.png?size=50x50&set=set1"
94,"Wye","vWd5JxGuNvuF","Sapphira","Pennick","spennick2l@artisteer.com","799-692-3464","2022-07-10","https://robohash.org/autconsequaturut.png?size=50x50&set=set1"
95,"Yanaton","0wc5gn","Gill","Abrami","gabrami2m@wordpress.com","923-751-4954","2022-04-22","https://robohash.org/consequaturveroodit.png?size=50x50&set=set1"
96,"Dante","hlcMKqmThC","Vere","Muslim","vmuslim2n@wordpress.com","944-844-1013","2022-12-26","https://robohash.org/inimpeditmagnam.png?size=50x50&set=set1"
97,"Far","mhCJYER","Sloan","Gaunter","sgaunter2o@paypal.com","297-846-1578","2022-11-04","https://robohash.org/blanditiisconsequaturqui.png?size=50x50&set=set1"
98,"Catha","eFqUHD","Sumner","Besse","sbesse2p@wix.com","363-862-3642","2022-09-28","https://robohash.org/velanimia.png?size=50x50&set=set1"
99,"Dion","CnXymzMv4","Ranee","Loadsman","rloadsman2q@cdc.gov","228-499-2710","2022-10-11","https://robohash.org/estutest.png?size=50x50&set=set1"
100,"Wakefield","3uurGBI4VS","Barbabra","Janos","bjanos2r@com.com","594-650-9066","2022-08-18","https://robohash.org/praesentiumminusalias.png?size=50x50&set=set1"
